1001848891401220096	286216838
1001903494389944320	983973752
1003107003693137921	486834536
1003107003693137921	551507199
1004270117298102273	16185879
10046442	19842272
1005846500583321601	1020789978639536128
1005846500583321601	1364615480124846086
1005846500583321601	22875032
1005846500583321601	797406769
1006135342355959808	17684387
1006419421244678144	19030484
1009577803304656896	1261338980567613441
1009577803304656896	822591807821381635
1009892540114403328	966724209773858826
1009900083402461185	1318639282899341321
1009900083402461185	1428239144766124033
1010384732759252997	3110077936
1010593116	546527413
1012396774751907841	1240682348120866816
1012426446	713761799103971331
1012834826896826369	2202236205
1015196564690743296	871676753919578112
1015196564690743296	871676753919578112
1015288783418388481	1227328613877506048
1017517703014346753	419238022
1018340810	251622947
1019565941015875585	1269967012471717894
1020203322	2297842659
1020963265969573888	56154457
102104262	804782370918461440
102243250	112991903
102466223	1166799265806503936
1025965232307560449	272036325
102707504	1257158389
102707504	729795376438464512
1028022611324747776	2467791
1028022611324747776	2467791
1028022611324747776	93476670
1029465832781492226	23161445
1029612428026204160	3005691210
1031000589054828544	1089045346242576385
1031000589054828544	1881185678
1031000589054828544	3423997089
1031332700324540417	940778288871542786
1031462358000889856	31565500
1032523656818294784	989410325022863362
1033826336	1309762062
103512187	1573800344
1036725216699998209	1294199740985376770
1037028403734446080	711351010
1037376554848923648	27602245
1038241060516900864	1388335191639347200
104040220	1147680736113094656
1042370935087673344	144463677
1044582346400264193	2422998067
1046558381211897856	12412802
1046745148703608832	3647091072
105327432	39982410
105399709	1498743557607366659
1054881984	1345677728138334208
1055333908760420352	2593875620
1058807868	1372263714871767049
1058807868	17758367
1060338999611420672	896989600798826498
1060440219097423872	255812611
1062026032771989505	1199101727703744512
1062941830680010752	1055628087025520640
1064312869414678528	1387010761994682371
1064912412736917504	20607434
1066744429854236672	2748061373
1066773270773547008	888542179081277443
1067016944174460928	244942206
1067016944174460928	94270652
1068701541979185155	18760393
1070577229787095042	1369225110146588672
1073606435580325889	1387010761994682371
1073606435580325889	303324434
1073606435580325889	875612784863531008
1078589024686694401	112155894
107918290	517230552
1080584229510172678	1167220466597138432
1080584229510172678	1296279134079823872
1080584229510172678	1325992895334256642
1080844782	1921951394
1080844782	3265321562
1080844782	43611815
1080844782	880819093976170498
1085134428953821184	61177115
1087380412089987077	1187384102351200256
1087380412089987077	825765275853344773
1088371662108676096	1217922136343490576
1089151295397621760	922294461186453504
1089160542865014784	1408737872
1090179417056268289	2517041226
1090632578632241152	313006206
1094095877302611969	1387010761994682371
1094713876132872192	212445456
1094971056358637568	1301352799960145924
1094971056358637568	21489341
1094971056358637568	26973844
1095050114027016192	822591807821381635
1095501036251504641	1187384102351200256
1095523459877068800	1297471014389944322
1095523459877068800	194617157
1095523459877068800	267498657
1096205507348623360	246667561
1096205507348623360	322643459
1096205507348623360	848180033688612864
1096205507348623360	893479800
1096477961237291008	1135883199740096512
1098294927774048256	149106359
1098451166306824193	2608740770
1098819491780153345	1290232189615894531
1098819491780153345	1290232189615894531
1098819491780153345	1290232189615894531
1098819491780153345	267498657
1098819491780153345	813314931147816960
1099332883	2876041031
1104189659914162176	1289544058512252929
1104524508709441536	1387010761994682371
110453483	547838573
1105659718528262144	1414977588
1108565574	1190491625526448130
1108565574	1241645810854453250
1108565574	1347379934373662721
1108565574	1369160185315430402
1108565574	1448820035015770116
1108565574	164178673
1108565574	246070116
1108565574	2549616986
1108565574	3270007519
1108565574	524939820
1108565574	704867245470535681
1108565574	800262170
1108565574	90107770
1110389035174948864	2314656883
111163466	578601744
1113341312	112155894
1113341312	1318333892265324545
1113341312	338219529
11134252	1418535365887987712
1113898497357623296	1052522228
1114906616011350018	950537289356099584
1114970489942753280	311314150
111556423	233886065
1115826452715511809	2478503575
1116419370601865217	1358915795242393600
1116612139	783655217170554880
1117704370630455296	1144763809225203712
1117704370630455296	1305795361336770560
1117704370630455296	267498657
1117704370630455296	813314931147816960
1119872518494416897	1248772656435871744
1119872518494416897	1473123421282177024
1120633726478823425	1282677931987406848
1120633726478823425	1332768779449761793
1120633726478823425	1447541603015528454
1120633726478823425	1497303587260715014
1120633726478823425	2288308578
1120633726478823425	2386246513
1120633726478823425	2876041031
1120633726478823425	579287636
1120633726478823425	839734220620722176
1120633726478823425	845795943479959552
1120633726478823425	887052266741616640
1120633726478823425	99151115
1121804148377362432	1135997501759262720
1122911018412150787	1104045001321926656
1122934522134315009	457280859
1122934522134315009	67207140
1124001618096160770	1564064058
1125044084907892737	1498743557607366659
112934639	1208748480589484032
1130042420	1021192197914464257
1134152253353447424	18831926
1134617890735448069	32578044
1136974346566680577	2905260526
1137438540	313307103
1137827292	29447428
1139297142630178816	864663235923820545
1141406420815896576	22255244
1142690226218946560	913320383528538112
1143296723638337536	1369880235064258571
1146134038480064517	358283094
1155845777039810560	1132485474
1156869775584190464	811704294743359493
1157395568135557120	1272339251070468096
1158193640	95620187
1159682513947652096	3310125162
1160150106018070528	774510439824822273
1160263164078022656	98266142
1161259317322035200	301153757
116228328	1303741215519780867
116228328	2683210415
1163615564545372161	4830874006
1163992520252153857	1134546351956615168
1163992520252153857	87983041
1164044033779306496	594982700
116502194	3894003321
116502194	892278998
1165750201	257192855
1166244003773329408	1431358317423693827
1167020856079343616	1144763809225203712
1167020856079343616	720420236076277760
1168793622248067072	268794479
1168793622248067072	317340647
1168968080690749441	235244501
1168968080690749441	703626110
1169222736272646144	49652957
1169278342543097856	607229707
1169278342543097856	746833826014437380
117052405	1254054380548038656
1172535926209298432	1208320402726031361
1172535926209298432	130605003
1172545640360022019	213801168
1173882011007643648	1248772656435871744
117576644	30533818
117810351	1240682348120866816
117810351	1312166469891813376
117810351	27413942
1178452608794726401	18082945
117873637	1363558112498749441
1179455215	1140575482854948864
1180036365062459392	111313891
11801292	382856144
1180313568358461443	592834521
118074508	740583951887044608
118245138	44335874
1183503749660205056	904408999
11856892	1450006598
1187075381725220869	1160263164078022656
1187808818522030080	1440665019419480064
118942188	60779696
1189799454506799104	1202415019771584512
1189799454506799104	1967958770
1189799454506799104	819873531160731649
1190453118	1252766881968160774
1196226398760779776	2908699057
1196590977932091392	3246790436
119829799	1496969408664662037
1201953403099893760	965591988786446338
1203009388924944388	1063672498003181568
12034642	246667561
1205226529455632385	1235988756462780416
1205226529455632385	1688
1206472297336324097	3246790436
120720108	3011256515
1207273044756041729	1089419890325360641
1210213363	44153291
1210498529325539328	1401861298233647106
1211081036328665088	56227000
121127090	1440605679203467266
1212247565850177536	1401861298233647106
1212560564225900544	1481748163254165505
1214974944066637825	1545576552
1215467169623891968	1265172359020834817
1216789842	25407389
1218721688738615297	922294461186453504
1218721688738615297	922294461186453504
1218721688738615297	922294461186453504
1219566773298532352	2429046650
1220843046125940736	1169989273468190728
1221462414744596483	1921951394
1222773302441148416	35846837
12233422	2478381721
1224098095325241345	956209593398546433
1225382429080391680	26973844
1225696320	835858610810925056
1227354200687960071	4830874006
1227537493395939333	1446246843868803096
1228268170126991360	4011399389
1229542513590947840	1202415019771584512
1230079133662605312	1111063253554069504
1230463969	948961748261810176
1230791643806068736	182238174
1231969046171734017	134194950
1235696982242611200	20392809
1235970884113850368	267498657
1237053825967697920	20600204
1237314642583658496	1269217886058549248
1237314642583658496	252793413
1237314642583658496	256677596
1237314642583658496	851051040
1237314642583658496	899697150380134400
1237853058140213248	755642370604097536
1238370241169616897	1128538846130401285
1238370241169616897	1323495003604226048
1238370241169616897	1344762633786822658
1238370241169616897	170600442
1238370241169616897	190154112
1238370241169616897	292243085
1238370241169616897	307823204
1238370241169616897	403796945
1238370241169616897	48367770
1238370241169616897	496455154
1238370241169616897	68396377
1238370241169616897	828561216918335489
1238370241169616897	828561216918335489
1238370241169616897	958685436112658432
1238583088998830081	1083495635561541632
1238583088998830081	1111339958852308994
1238583088998830081	2423537112
1238583088998830081	432263329
1238583088998830081	531618878
1238583088998830081	898231845925646336
1238848104968810497	1297471014389944322
1238949674989416449	1259818577785307137
1238949674989416449	1267649650682523648
1238949674989416449	1494582293331349506
1238949674989416449	2886781622
1238949674989416449	971011334920900609
124003770	3258198301
1240407498	1353872252823953408
1240407498	401788588
1240461453854998530	911360726526189569
1240645212977934337	1065217978235592704
1240682348120866816	1125443593085358082
1240877215274975236	23373153
1242887487313391616	1350494918612045833
1243560408025198593	345365317
1243560408025198593	889348599837933568
1243888276123025423	2233495160
1244310077349269504	390770221
1244795359097958401	1120952978393849856
1245561638087880705	108379891
1245641653521494016	792254042
1246004181372211202	849369122324566018
1246440482760085504	182663887
1247223374717296647	204660244
1247612029	1333774146807980033
1247612029	20403317
1247612029	39143124
1247907027650838528	14837621
1248259588685692928	20285726
1249982359	51241418
1249982359	758114193895665664
1250239723	94350709
1251912071438110720	713761799103971331
1252251742101663744	1476701921893257236
1252708879	1669796893
1253930331901583360	216507928
1253930331901583360	46074537
125488396	1238149439975456769
125488396	981516627475775489
1256102507241181190	1387010761994682371
1256595851859726337	997519418492993537
12588712	184106499
1258877266513313795	940778288871542786
1259161086	1151025570341220352
1259161086	3098436206
1260515654811242498	132345466
1260515654811242498	881886431735631874
1261767221669289984	294292505
1262322182161481728	829512864809549824
1262456293157003272	825230340704735232
1264589105113042952	1277324748301766658
1264995750317965312	823541330
1266006636000358402	2620578761
1266006636000358402	904206913889554432
126628908	336656405
1266474230	1394086635994681345
1267462011153195009	863480987417817090
1267462011153195009	884109059242250240
1268223690480615424	1173501470345445376
1268223690480615424	1305523968137457664
1268223690480615424	2432830728
1268223690480615424	47003347
1268223690480615424	708800580995522560
1268223690480615424	902689690704367616
1268223690480615424	913891656784662530
1268223690480615424	919965874311782400
1271084812296761344	1341047951486009347
1271162030393896968	1160600256490328065
1271163370717265927	440916146
1271714653	267377062
1274015453086732288	110893874
1276467165802176513	1125443593085358082
1277653859301801984	2924464069
1278236816936710144	29447428
1278236816936710144	29447428
1278236816936710144	94350709
1278401163373707267	1093555979361415168
1278401163373707267	421495337
1280478731874848769	1231420045
1280478731874848769	1346847727536238595
1280478731874848769	1428509556301197312
1280478731874848769	433728338
1280478731874848769	547328022
1280478731874848769	940778288871542786
1282511778522382336	61348039
1284305974925262848	29969762
12848262	24881664
1285416100541407232	1446633879146729474
1287918892761755649	881708118903726080
129063594	1471315918462459908
1292671256865587200	16996451
1293757447111204864	1485745257178411009
1294741	5026541
1295064923685310464	88661109
1296104131501993990	2375183011
1296279134079823872	1403909678975778820
1296279134079823872	708381986281291776
1296949513366564864	1573800344
1298372735383605249	1246903329642471430
1298372735383605249	2229123357
129895929	1427453911070347267
1299769218	19429280
130120037	17571514
130120037	78311949
1301903018850308099	973261711
1303661260022534145	813314931147816960
1305405934164824064	1297471014389944322
13058772	3357496760
1306123686	1329590133264326656
1306159735	1406220117638266880
1308292444883005441	1498743557607366659
1309237180418666499	1429016867532849153
1309237180418666499	329305241
1309417499398746112	1240682348120866816
1309417499398746112	173672963
1309417499398746112	21489341
1312166469891813376	1133735345147797510
1312166469891813376	925385771112071169
1314122647341608961	29447428
1314483801846771712	301153873
1314996438	1304036484920606720
1317580765522202624	1478709129074069511
1319916075476262914	1429016867532849153
1319916075476262914	1429016867532849153
1319916075476262914	1429016867532849153
1320994760228704256	1498326793
1321935792416149505	2891451417
1321935792416149505	803320111503462400
1323495003604226048	1240937077258117120
1325718056539049984	1219566773298532352
1325718056539049984	1290232189615894531
1326139149426941952	468161947
1326415020	500271953
1326867091333537793	208728363
132731802	1036115508
1329615530509041665	940778288871542786
133010823	1169989273468190728
1330384476908769281	886032877011558400
1330521007250165768	2202236205
1330585435	804582780298412032
1330859882040463362	1473301547891187717
1330859882040463362	329305241
1330859882040463362	877968869138329601
1333969328006283264	148683377
13340732	1063496888765374469
1334688905929613312	940778288871542786
1335983975613939712	1187286319678050305
1335983975613939712	1497454353090809860
1335983975613939712	1497454353090809860
1335983975613939712	2589820362
1335983975613939712	41719739
1337903969851613185	975806263601672192
1339166129110065152	3221117109
1340093943879512065	1308423406749200384
1340093943879512065	874258472
1340459634	922602722
1341233976434782210	1119872518494416897
1344007696555663360	841968137373421568
1344256277518692354	1081484761934319623
1344256277518692354	1185532946473721856
1344356576786866176	279390084
1345419030157529088	1251801300745977856
1348317661445451777	1.34861E+18
1348465843	2943739141
1348481478229848067	353365146
134890715	825640340958957569
1349005125277331459	850343119451299841
1349149096909668363	2453660160
1349149096909668363	919667724535648262
1349154719386775552	869290350715715584
134975165	2432830728
1349803174316679176	451756372
1351302423273472012	988943262982402048
1351759713982050306	935312564149465088
1352841335418580992	1476953095364087813
135317559	3423997089
135371497	439249630
135371497	84174241
1354494993218613251	842185242807042048
1354654336689852416	1330859882040463362
1355590891	1414977588
1357131432804700160	18207725
1357131432804700160	41899582
1358064335415877635	1617921176
1359532099	4018888580
1359532099	4601931155
1359917918520107009	1462663861568360451
1363482355114119168	1240682348120866816
1364639441604800513	1969346438
1364639441604800513	49445627
1366968686301433860	1135482849551835138
1366968686301433860	404726267
1367057849738661888	112155894
1367057849738661888	1213393680607789057
1367361786039648257	3143750061
1367553884038782980	22875032
1368633664423268358	1239895217693691905
1369225110146588672	1441181995682332673
1369319255083257861	1505993402
1369701486	555504754
1370049534831824901	3707759232
1370118821936312320	1387010761994682371
1372149804143288322	1573800344
1372149804143288322	1573800344
1372586612438179847	797566942991130625
137413599	94350709
1376373064875659270	1478220060
1377330715445104644	1358819872545857546
138037459	1447874925440688133
138089850	1240682348120866816
138089850	1240682348120866816
1380949455780859909	1219745366960230400
1382912376597479427	1016943828052336640
1383272101	16586417
138451153	155930120
1385103818661109767	1457388751886249987
1387010761994682371	1476701921893257236
1387010761994682371	4830874006
1387010761994682371	4830874006
1387010761994682371	4830874006
1387010761994682371	4830874006
1387010761994682371	4830874006
1387010761994682371	793520017
1387010761994682371	811704294743359493
1387802155810271239	1083051676922273792
1387802155810271239	1387010761994682371
1390730692208873480	259963995
139109800	18053163
139109800	301352485
139109800	301352485
139109800	344185586
139109800	39130254
1392058501732704263	1240682348120866816
1392444458990440449	1299302634461868032
1392444458990440449	1497626612862496779
1393256554573574146	1435506024916586499
139328853	2412307836
1394086635994681345	301352485
1400013985202704385	728273994
1401334091845357570	2657412780
140252240	1105735643135537152
1402677510	346173354
140315951	1259161086
1403739122901127169	844647036179927040
1404252914852544512	21917756
1404291198	3029686011
1404291198	59019518
1406177051996876800	1075147268
140761770	128877911
14085096	2473900885
14106476	3038078693
1411285883731562497	18602971
141337990	17540376
14135350	1470924480797106183
141376286	804582780298412032
14157134	1070779320916996097
14157134	726070073081868289
14157134	985146235039506432
14173315	481284818
1417873927733403650	169487547
1417952253449842692	276616900
1420492295284080642	1189870353172123648
1420863242054864898	713761799103971331
1421835080813666306	1443330719250632709
1421835080813666306	37338552
1421835080813666306	90146161
1422044577079377924	1428424784396783616
1422044577079377924	713366495527481344
142332083	271075882
1424033022	1010320666648645632
14247236	120797984
14247236	713839291210792960
14247236	788106950160609280
14247236	96648433
14248656	1276680681066807298
14260960	1325274987368869888
14260960	155930120
14260960	78713167
142640919	1387010761994682371
1426911929319280644	1050196639816671233
1427156123690446849	353140801
1427387278045810706	1319103997060411393
14281853	1102519004244205568
14281853	1285594911803416583
14281853	20451595
14281853	419927046
1428722963898159111	866958995784970241
1429016867532849153	1319916075476262914
14293310	22085981
1429437000	55770035
14298769	773570120132202497
1430225525918871553	19913106
1431065187730305026	42906876
143159404	3304320810
1431762585519595520	778976910
14336546	232519990
1433796855960424463	2393261827
14345812	16164781
1435272849128923140	736632572063719426
14362766	1366341380772147202
1436433500	980783300
14377605	1012201853877186562
1438555006077214724	1293228146603503616
1439073985422110725	28652375
1443095900855881731	2931753511
14437914	1483196161401901056
14437914	87358629
1445855445071974401	1276172499835912194
144611647	385310610
1446136997018431494	2347940717
14462907	1019944707311403008
1448337884604469259	1387010761994682371
1449302062081138692	848911132496723969
144989647	1355187008352739331
1450183437663543302	1271405810346799104
14539104	19165893
14541472	1195126426959319040
145476250	3024893962
145499533	1363451211890876416
145499533	17624477
145499533	29269689
1455455122192994305	1239947878740656130
1456000176779300873	1270133776748855304
1456008647977275392	2692420788
1456329377634205696	19527910
14569869	168654728
1457520402545086468	823287122631102464
1457817932772220928	88820794
1457904825811693572	1430923653168852994
1459728480111894535	954348379
1460176204363972613	1381854660106010626
1460176204363972613	329305241
1460176204363972613	329305241
1460378795102269441	353365146
1461157250337173504	3423997089
1462548977367359490	1082334406751252480
1462548977367359490	1325188311242186752
1462548977367359490	1448298903216984066
1462548977367359490	1497267347563982853
1462548977367359490	2828664616
1462548977367359490	2951601697
1462548977367359490	545402717
1462548977367359490	757082022204538880
1462548977367359490	829855036372979712
1462548977367359490	975084801253396480
1462548977367359490	975665886286753792
1467232988	1438629035332964359
14680530	310346296
14700117	71491041
147050008	184282465
14707794	1463263787134291970
14707794	3162249408
14707794	60779696
1471037967926018051	1170432178012008450
1471037967926018051	1403376337063235588
1471037967926018051	1430989083740868608
1471037967926018051	1461182536604860417
1471037967926018051	1473093411691372551
1471174998668812299	810496768047808513
1471315362088169480	1219745366960230400
1472410607689347073	1421353072710889473
1472840303564537858	1013465243635408897
1473485044018601984	1387010761994682371
1473485044018601984	1387010761994682371
1474684988821950465	289273038
1475584734705033216	1387010761994682371
1475926675405770752	475507923
1476149306549837831	1463624518111481866
1476701921893257236	1387010761994682371
147734164	2224624532
1477609642184396806	12133382
1477609642184396806	12133382
1477862777796636679	26824556
1478162558276157443	800262170
1478229936972259328	1269894425414471681
1479291505650978817	804582780298412032
1479499011895738369	1495961644949721091
14795451	1387010761994682371
1480071384600485889	1303360753592938496
1480493394363392004	21489341
1480833851328892931	746377806754394116
1481868843522084864	1174639256863510530
1481868843522084864	2394564265
1481993284587241480	3082546368
1482717093309124608	1305246744
1483388011371016195	2410876825
14836197	734853834300751872
1484389512	15096041
1484914062077186048	343726638
148529707	704031546395590656
148529707	958158515629187073
1487524111832150017	1071164794563166209
1487664232023957511	4830874006
1487821293609181187	1351328967672918020
14892665	713761799103971331
1490752401619537923	1488460177363939333
1492574423290990595	1240682348120866816
1492574423290990595	1240682348120866816
1494031609217048579	826226272418283520
1494087547529666564	1341124283666329600
1494582293331349506	1240682348120866816
149522272	3598044795
1495480590572961792	912232086211371008
1496668119749648384	1446650069910835203
1496989477817839622	1373289371143577602
1497304735887638530	1489697253631557632
1497343815912333317	291862171
1497554962481618946	1118500484589989888
1498021970440507392	1387010761994682371
1498445304685002753	2412223020
1499537155806593032	1248772656435871744
15012486	18831926
150267476	100545608
1503476155	991324136856346626
1505993402	94350709
1507161045093265416	1118019922108370945
1508153870773415939	1444503111767404550
1511462942033723394	864890182482505728
15115280	1357061886286602240
15115280	142878053
1512372785511038979	26361656
1512414846951825408	224233034
151257881	3656850915
151387046	454368075
15157283	456481822
1517251708090568707	1245425135323975680
1519279907389464577	32630870
15220768	561487220
15227162	173672963
15250661	270679223
15250661	29420301
152656121	115393565
152656121	726070073081868289
153151272	1099390247534759938
153517357	1254077828481630208
153810519	15745368
15392486	1084553456361369607
1539378523	3398432139
1539978391	2759432754
1540529606	1175070207007760385
1543986138	23006008
154435010	218491913
15480566	1225382429080391680
15480566	1475640014675628041
15480566	18831926
15480566	866724171304194048
155483848	119363458
15554922	1849478558
15580900	382856144
15580900	561558519
1558406653	21489341
156005429	87358629
1563543554	1055307732226531328
1564890853	1007560450748354560
1570801196	302984766
15728161	2193135944
15730467	2715817177
15740776	1183047073580703744
15740776	825405072502902784
15745368	881248503514714112
15754281	1692060708
1577442662	1387010761994682371
1579290116	426081006
15801906	1352235653849870338
15801906	1369880235064258571
15801906	16966104
15801906	2371064395
15801906	2876041031
15801906	518521500
15801906	977796337151307776
15852801	4262438479
15862891	1151232104052736000
159021888	1017039921255624705
159021888	1233276322803138561
159021888	84174241
159438315	1662047773
15974328	1304036484920606720
159955958	1173501470345445376
16012783	1333774146807980033
160206458	45762306
16040748	1484563799264870400
16084829	39317273
160856325	7.66136E+17
160856325	966513420446003200
160952087	962773563106263046
16129920	1020800155
16134235	166073550
161704026	1048818249637552128
16185413	1473751796027998213
1618718016	2330575099
16213404	709358581116575744
16286419	2604801729
163018653	1253892943544381440
163018653	1325399345995374592
163018653	1417944725068386309
16369805	47227386
1640929196	1248759402
1640929196	2739667932
1640929196	961105574
16463397	1245932239717724162
164932283	158123632
16503453	900733668779544578
1652177576	449864075
1652541	1388928926869753857
165660881	2615581908
165660881	871240626116804611
16582131	204598799
16582131	370726302
1659140850	1362805552162701314
1659140850	721139965
16606569	827938295975866368
166071271	341330045
166344019	299230774
16635277	1.32151E+18
16637204	1359651108751310855
16675569	1245932239717724162
16675569	603951538
166985027	948961748261810176
1670445650	1498743557607366659
167281867	1371593989795684354
167281867	1451164772934696968
1674065502	371842668
1679672582	1194493809763213312
16827148	1214879835375448064
16827148	97734871
16832632	140085170
16834659	1415875893524791298
168503417	45970216
168952498	2401117104
16895540	2209106522
1695505166	1401861298233647106
16967845	1099390247534759938
16996451	1369160185315430402
17027632	1451699962090196993
17027632	805372752
170280910	1240682348120866816
170280910	2646233443
1705200379	87407427
17094311	196802928
17137628	215899949
17143007	94350709
171437375	180596658
171876607	1708562239
1720530361	110893874
172145144	531618878
172229930	1432718544916164613
17227307	940778288871542786
17250666	150732990
1729333160	746746178260205569
1733398682	1166246597258174464
17354805	1208293000511574017
173629507	1548253015
173629507	91039220
173672963	202884181
174151902	737585496
17477864	2856133189
17477864	594490204
17479606	1174639256863510530
175222900	37940975
17568019	2889487290
175989309	1039446506619596800
175989309	460632677
17724276	795346260698025984
177437962	761819600568717312
17774061	1293837794771496963
17774061	855996928374341633
178156240	900733668779544578
178580925	106123038
178580925	1374439409047674888
178580925	875495754537861121
178580925	897180245006180352
17874544	263838682
17895820	199452338
17895820	267377062
1796057425	1212560564225900544
179986211	1519296461435027456
18004222	3106186180
18053163	79117953
18053163	79117953
180797277	1305409038
18147014	379518072
18178850	1412897313907900420
18228898	17243213
184216437	1397630402
18549724	14496536
18565524	613959382
185684272	1396548314095517696
18573284	769549979769671680
1857948524	155930120
18580938	1283952596877807618
1858680210	879051864
186279752	1141308715
18667799	1313435495314206720
1866938882	1339515560
1866938882	802649176299466752
18716265	373468496
18753424	1686874152
18812301	56768709
188136549	922294461186453504
18831926	1094971056358637568
18831926	1244198220366000128
18831926	1306347674929684482
18831926	17261279
18831926	19617541
18831926	275104144
18831926	4917244678
18831926	798711382044708864
18831926	844852386
18831926	886032877011558400
1891490382	1451703125212123145
1891490382	1489800685046669314
1891490382	4833331271
18925120	789050904
189305014	4888868884
189406309	2809579420
18982486	804582780298412032
189868631	850343119451299841
18990782	1318953209373839362
18999809	371842668
18999969	155930120
19017675	726070073081868289
1902163488	23452847
19043121	1314747257397211137
19058678	218674455
19080151	249552678
19084896	1136929287011880961
19084896	1307324263297413130
19084896	1379972530463776770
19089339	309932421
1917731	826226272418283520
191807697	1217922136343490576
19196895	1412433273729556490
1921951394	1250154805294587904
1921951394	1389619592130088976
1921951394	1389619592130088976
1921951394	1389619592130088976
1921951394	1389619592130088976
1921951394	1389619592130088976
19241864	29447428
1926075181	497349753
19268706	39143124
193128427	269188684
19362341	1434977093247545350
193941067	4919154620
193941067	4919154620
19460358	18831926
19477583	1210233737356730368
19533512	354431372
1957610664	449415912
195808903	2813049204
19599446	2963383468
19604599	1387836231937970186
19617541	1458422928366874624
19638751	2346909206
19651284	1014498961963536384
19739126	1033084441697153024
19739126	1033084441697153024
19739126	1921951394
19739126	1921951394
19739126	1921951394
19739126	1921951394
19739126	1921951394
19739126	1921951394
19739126	1921951394
19739126	1921951394
19739126	1921951394
19739126	1921951394
197501338	24881664
197554405	763937394
19761742	1573800344
1977482286	4736578693
19791240	1048593008894128128
19793134	3827830753
198296897	1309762062
198296897	836753078153965570
198881547	267498657
19899980	1442519346912239616
19902709	733908456348868608
19934731	2331808090
20052899	1416846409865867267
20052899	1458422928366874624
20052899	19019465
20052899	792254042
20095865	1478513193555218435
201644197	879043594329497600
20172153	3342600166
20172153	3927258395
20255118	1325181747978526722
20280088	713118204453851138
203123011	1163579842899709953
203386661	27379820
20405787	1333273132547751936
204273771	1645345628
20559705	555857498
20559705	811362755861061632
20559705	84174241
205864193	31618527
20610385	91970211
20675681	895118100
20699709	62576309
20742888	233018450
20742888	84174241
20751145	804582780298412032
20751145	804582780298412032
20793816	1243633084874047490
209584092	888042960549552129
20973388	1095104382700605442
209851082	1434806401
20995648	1474726309
20995648	200511006
20995648	995789645354070021
210732612	1375846488031432705
210892156	940778288871542786
21110041	901256460566487041
21128334	60779696
211371719	2783538092
21167611	2165292985
21187547	1466732494036815874
211994193	1102968375284776965
211994193	796845382152163328
21215254	1308267623327518725
21258337	1141091364974678016
21258337	1223384444633067521
212621119	332055899
212735740	1169989273468190728
213057317	4830874006
213245607	881517449144918016
21406457	45586702
214213512	2809313884
21443029	2400916699
214558299	3731897535
21525682	1256595851859726337
21525682	1265835600923357185
21525682	1443349716943572995
21525682	1493774877198749699
21525682	20821069
21525682	253641379
21525682	40931023
21525682	494701047
21525682	997519418492993537
21525682	997519418492993537
21525682	997519418492993537
21525682	997519418492993537
21575717	1036816881347219457
215899949	2224624532
2159127566	1309814523075923968
215969265	1498743557607366659
21619519	88869834
21637349	1099390247534759938
216477773	1300619672916824065
21659166	23893409
216813918	1012157576
21721506	119552781
21722318	250691621
217418435	1183485474880360448
2184934963	19667628
21884579	819019776844513280
218975278	14123181
2196799850	18207725
21976616	826845227315032065
22018221	235716417
22020109	234922173
220732461	793580816840425477
22129280	874258472
2214412979	351484606
221615955	1309762062
221706364	578601744
22187085	1024179554
22187085	1194801500498931712
22187085	1368799567190237188
22187085	147649467
22187085	2430547590
22249836	380910579
22255244	16189107
22266871	1012209702
2227646515	1240937077258117120
2227646515	1362322526118969346
2227646515	1362322526118969346
2227646515	2412307836
2227796157	3017413487
22317663	334266988
2235731509	626258459
2236956066	2943739141
223841564	1336677975543193602
22448617	2151852128
224568664	1257158389
2245797112	965935355492032514
2248919634	2290125115
2253993151	1969346438
225779417	1190788202736435200
225779417	4196505444
225779417	783655217170554880
225796043	1363558112498749441
22603674	995436724493807616
22619344	1387010761994682371
226295119	4909987960
2264401871	1205439711545835520
22650211	1915033663
22703645	51241418
227531567	1239206834193326085
22790968	390377012
22799257	1502899128124203013
22803269	867343717
22954232	94350709
229623135	940778288871542786
2299987059	797127398416326656
2300873095	2224624532
23022687	1692427820
23022687	714213647007006720
2317351705	20449751
231896114	27773430
2319354435	832757977417400321
232043721	1349869653816823813
2322961194	1157088899115544576
23281108	26792380
23281108	847899028826144768
2328175742	183559852
233343317	1597060776
233343317	232187050
23373153	172390085
2338811370	570340214
234128524	1262136947155316737
234694571	1038106141732089857
234694571	1363558112498749441
234694571	95620187
23471698	1387010761994682371
23477240	1429560994808926217
2353605901	937899468585828352
2353605901	937899468585828352
2355919591	1258474163464835072
23655688	2936315827
2368124492	713761799103971331
237141734	994415530651009024
2385475135	17695133
238803978	3093146455
2393001308	36706851
239372543	351256975
23937894	1391714455390670851
23937894	26391380
23937894	3145935035
23951122	276233894
239770727	1387010761994682371
239806318	29511425
2400284491	1676303954
240462058	578601744
241150512	1102381474228056064
24158979	30634288
2421067430	2951742165
242355547	4068090275
242555999	216449581
2425571623	1467530495563026434
2425571623	2189056412
2425571623	960187993
242827267	3300838824
242827267	713133920968159232
24299842	1426176384099971074
243013409	271947041
24308172	2450985343
243413063	16219502
243413063	30446336
243525545	215899949
2441666255	1459318873149353984
2441666255	234943964
2441666255	998825510552723456
2445134780	21489341
2457778334	996390163
246178914	2921282954
2461810448	56894163
2461810448	906944118483382273
2461924214	1435870562480427015
2464473097	112155894
2467791	1376709819613253633
246939630	1059580074155012097
246939630	117535296
24705246	1154477156958949376
2472134791	91434962
2474409224	795138728218021889
24752038	349860257
2475407894	1368799567190237188
2475407894	713118204453851138
2479226604	1309762062
2479226604	4892727759
24827393	1484563799264870400
24913074	822591807821381635
249459003	904408999
249829650	3068541683
250325731	1476701921893257236
25085885	16582131
25178222	327654834
2522916284	41438148
252608121	1259818577785307137
25356462	430620548
2537386628	1117244238247280640
2542032578	742732369497587712
2542290469	473696731
254515782	1089045346242576385
254515782	1382912376597479427
254515782	1921961029
254515782	61348039
254515782	70374894
254515782	828561216918335489
254515782	84174241
254515782	982538772540567552
2545160880	1401861298233647106
254949579	1240682348120866816
255340030	800037745024339968
2553418813	281387770
255369151	1128224212349382656
255369151	1333273132547751936
255369151	779833230
25575859	791638976
255812611	1438672537773395970
255812611	2432830728
255812611	26262458
255812611	73537202
2561429863	906530576445984769
2561718665	147401660
25653301	1051032951708889088
256552189	1028022611324747776
256717934	94350709
2569219368	2412307836
256957128	21489341
25723601	2545160880
25723601	44096053
257690350	1376861391957733380
258124400	418566530
25816369	1278236816936710144
2582963526	2943739141
258298063	1120826803675783169
259395895	67568430
259506084	20944311
259506084	3018860447
25960714	1404198121
259925559	4248993381
2600359297	234604065
260059352	360004006
2601869406	972678104
2605334749	1476701921893257236
2607006139	2962112305
2608740770	1248772656435871744
2608740770	1456071062672736260
2608740770	1645345628
2608740770	3226113792
2613791900	1387010761994682371
2615581908	1309762062
2615581908	1317697028873281538
2615581908	14721982
2615581908	249524923
2615581908	556601571
2615581908	60779696
2615581908	631850941
2615581908	850099512
26217297	1210233737356730368
26217297	1265453530418237441
26217297	1456312759012954115
26217297	2447463596
26217297	252553444
26217297	76941017
26217297	76941017
26217297	785154746818633728
26217297	874148114399154176
262219168	1291502143342510082
262219168	1300371127127085057
262219168	1332768934383263745
262219168	2951601697
262219168	84146348
262219168	980751310642233345
2631724298	877968869138329601
263498163	29316011
26361656	1448500687516495877
26361656	881708118903726080
26524127	516759358
26562883	614600545
26574283	4685821309
266032035	1161156626671423488
26637348	775482843191398401
26668729	17887465
267425142	2530758806
26787673	720344493422026753
2688537468	1004484314
269229726	1349169991724093440
2692751172	1360035053464547335
269513439	4792461621
269788397	4838140174
27004298	739727105940946944
270132611	31493863
270132611	7777302
270195321	3719799136
2707955850	319477370
271075882	457743272
2713968041	226150204
271445418	2202236205
27153523	1185366642869460992
27212119	435188926
27282113	18549385
274120403	895814938995957760
274831602	948961748261810176
27493883	2876041031
27493883	3002029764
27493883	821681572202029058
275455326	1336929872913035264
276688330	1296279134079823872
276688330	275104144
2768501	1140438675001503747
2768501	1245485014751408130
2768501	1448820035015770116
2768501	1686874152
2768501	352754946
2775354102	73050826
278145569	781701900
2781906361	1226826354353508355
2783540131	1645345628
2783540131	3220242956
279097431	456361587
27933405	1565032478
279390084	1319416912623722496
279777404	1313284951752597504
2799946720	1389498948109352963
2799946720	825602515
2809959174	1101913766
2809959174	1355511416720076804
2809959174	2173378878
2809959174	305325817
2809959174	39667408
2809959174	713133920968159232
2809959174	713133920968159232
2809959174	80471236
2809959174	893479800
281185181	2692420788
281376874	1077703279218282497
28213817	1686874152
2825412526	29447428
2826266724	1359093421
2826798206	1340798360652046336
2826804048	104517644
2827865725	515377496
2836421	775036051773587458
28370738	978947769888116736
2840668198	839990047764017153
2841826715	1114440226334703616
284590933	1288710201240178688
2845989689	23452847
284602545	920332104541466624
2847815166	1427453911070347267
286084243	1217922136343490576
2876041031	1485579898496376842
2876041031	2249409116
2876774827	14817102
2879240488	1488591891797090304
2880610310	1277735065737326592
288277167	1219694667694006273
288277167	18184205
288277167	289186412
2885493519	1221462414744596483
2885493519	1349922686898724864
2885493519	1379013583074394112
2885493519	2448649162
2885493519	581375677
2885493519	738786290313920513
288755234	160244947
2889557075	14594816
28943715	278760917
2899264434	1353951913650266113
2912548273	531945177
291414445	2296411899
292053511	2811840943
2926204339	761819600568717312
29297242	19617541
2932460195	957655193260363778
29422823	351256975
29447428	121732143
29447428	1247295628780208132
29447428	130065700
29447428	1387314750883831810
29447428	1433489836162396166
29447428	146243221
29447428	1474852997020758024
29447428	22448617
29447428	2328730903
29447428	23747507
29447428	36066931
29447428	364478729
29447428	364478729
29447428	517105402
29447428	517105402
29447428	517105402
29447428	517105402
29447428	728273994
29447428	728273994
29447428	728273994
29447428	94350709
29447428	94350709
29447428	94350709
29447428	94350709
29447428	94350709
29447428	94350709
29447428	94350709
29447428	94350709
29455588	708130060738306049
2951027582	2681771034
2955863289	24711879
2964606814	965175812520644614
296553576	2809579420
296553576	2887391470
29667856	1387010761994682371
297100174	747901684282703876
297688038	578601744
29769998	23452847
2977083957	2690515189
29770862	3905542517
2980236053	15480566
2980236053	732736108061020161
298410389	482770329
2985479932	1008340728114601984
2986235404	1375127026840039424
2990729241	830465860825292800
299106111	435279193
3001123090	1193613424783249409
300236092	2264401871
3014537423	2202236205
302189804	1300619672916824065
302984766	1223440073330429952
302984766	4326463994
3030063311	17129384
3030814395	2387540972
3042887648	1201551790744965127
304679484	888417978559078400
305328519	1416280313601269762
305848643	2248919634
3063032281	15298147
3068796199	2943739141
307755781	1293837794771496963
307755781	202884181
307755781	2448742807
308321267	2475111816
30844417	5439842
30844417	87358629
30844417	976948534053343233
3095991935	1467925790096388098
310746442	1185532946473721856
3108351	1053005284044500992
311340010	270921976
3114810541	1967815650
312149882	940778288871542786
3131144855	1222196905947680768
3131144855	20061144
3131144855	2714613089
3131144855	753729818
3131144855	79813585
3131144855	913755612344934400
3140730672	1217939176701616128
3140730672	1401861298233647106
315187614	319619581
3160248614	738145794
316546071	299273962
3172811611	80442315
318055047	1484553220550766595
3192252407	805077676092489728
3193073724	35586763
3223426134	2193135944
3223426134	2370753746
323344020	17236048
32340937	1004894980962336768
323417384	1165565124490383362
324555383	1269990092
3246790436	1268023502344384513
3246790436	1307213540634230784
3246790436	3336352766
3246790436	553990226
324703658	1688
3253989290	859541565508734976
325614777	293241580
3264938916	51971452
3269171958	1075927117
327436641	1480575264631537669
3277827936	480306928
3277891994	1214297100214620160
3282955777	1427453911070347267
328634628	1373572431277883394
32871086	1130046320184446976
32871086	2372317417
32871086	262472211
32871086	356546958
32871086	746377806754394116
32871086	897515348085190656
3288075858	124385632
3288075858	18366690
3288075858	90107770
329305241	877968869138329601
3295811435	1359796402394714112
3298944944	531618878
3303457302	1034875037877186560
3303457302	380105755
3303457302	45591393
3303457302	789203988533026818
33135872	713761799103971331
33276161	25156861
333246743	467730106
333631087	16450391
3342600166	1387010761994682371
3342600166	1387010761994682371
33639255	234497587
33680887	3327669647
3377454681	115393565
3380282686	1449753135791190016
3380282686	779091626727763968
3383159573	1132012546637090816
3383159573	1240682348120866816
3383159573	416690954
339724344	171204118
34019598	503272829
3404875323	18621090
341106480	921243130262728704
341106480	921243130262728704
34116377	1054893957652434944
34116377	1148122960613392384
34116377	42856767
34116377	60779696
34116377	60779696
34116377	725798322
342187925	2426002789
34247411	1189870353172123648
34247411	1403349748153819145
34247411	4757894056
3425014283	4197995774
3425014283	903961590093012993
342802864	1339357320
342863309	1121967352181030912
342863309	1392950168
342863309	829834513320726530
342863309	831159630172680195
342863309	96648433
343679171	1081307250
345275528	911720044056387584
3453306553	105613985
3453306553	1214489977762959362
3453306553	1236491189492174848
3453306553	1269018935371771904
3453306553	1329590133264326656
3453306553	1395904932113383425
3453306553	1401861298233647106
3453306553	147833076
3453306553	1493422299462402052
3453306553	1557320480
3453306553	1573800344
3453306553	1573800344
3453306553	1573800344
3453306553	1573800344
3453306553	1573800344
3453306553	1573800344
3453306553	1573800344
3453306553	1573800344
3453306553	1573800344
3453306553	1573800344
3453306553	1573800344
3453306553	183024552
3453306553	183024552
3453306553	183024552
3453306553	183024552
3453306553	183024552
3453306553	183024552
3453306553	2475034094
3453306553	284475942
3453306553	284475942
3453306553	32669068
3453306553	416950760
3453306553	468161947
3453306553	552543142
3453306553	727843939634421766
3453306553	761819600568717312
3453306553	761819600568717312
3453306553	761819600568717312
3453306553	90107770
3453306553	90107770
3453306553	90107770
3453306553	90107770
3453306553	90107770
3453306553	90107770
3453306553	949134972547248129
3453306553	984232716651511808
34743251	2439103317
34743251	305283848
349816997	1486122222699876355
349816997	898231845925646336
351120282	938724387125190656
35157660	1238819398271541251
35157660	602854345
35237385	459980306
352754946	1208293000511574017
352754946	2943739141
352816495	792793633468669953
353365146	451260166
355911954	23452847
356546958	745699859169165312
357090058	1096443838653218816
357090058	531618878
35787166	2706903578
35787166	892503488193855488
35787166	922464867436593153
36012258	974570473567633408
3602064317	880008290
36042554	2712537543
36065127	137117565
362144301	228686553
36372343	281597195
36711022	1368799567190237188
36711022	800148535899324416
36711022	919667724535648262
368240745	1354551453260591108
368240745	1516235004
368240745	335240330
3690146477	1497253771
3695759352	1380949455780859909
370033792	1506969113075277832
3711001	1573800344
371510063	1462546020626321410
371544244	531618878
37190669	15447482
372536101	197880158
372536101	4635379238
373338732	1373530219273875457
378197959	1398779106217631744
380268462	1317220261050056704
380648579	2942274771
3827830753	937899468585828352
3832	1412897313907900420
3832	246667561
3833059037	1175393730054017024
384233102	1248772656435871744
385162111	2219819197
385162111	85693971
3856305322	272196949
38576013	19370499
38576013	84174241
387054267	1057819740
3896850852	3246790436
390377012	21131522
39155029	17243913
39197185	895814938995957760
3930472251	1247298726554521601
39344374	3235749702
39416218	1437276203312984070
39416218	1471506869717897223
39501483	811704294743359493
396044297	1308267623327518725
39615521	590435189
3988805686	291496884
400495760	28690225
40068395	2615581908
402285996	804582780298412032
40316065	904408999
40353407	3145521540
40426726	167610475
4043106914	1249588897547300864
4043106914	22344763
4043106914	22344763
404365807	991324136856346626
406842374	1169257805993455616
406842374	264378200
40801529	1214085469736075264
40801529	827843955106516992
4091551984	38232159
409657315	1473144185389821953
409824643	821668175494451203
41038352	52394367
4118285112	1305795361336770560
4118285112	2340315002
4118285112	720420236076277760
41218263	1208293000511574017
41218263	2788823296
412548718	1201995227285864449
412548718	138498185
4132825992	90107770
41378381	216767555
41438148	2264401871
41438148	2264401871
41438148	817086280597209089
416025003	1362805552162701314
416025003	3298227152
4175759465	19066475
41822696	1350494918612045833
4216062853	1401861298233647106
4216062853	39766822
422971305	968854355058229248
42343812	2190845846
424624761	1315921093
425792634	2224624532
426909329	976948534053343233
42836999	22616336
4292519659	977204844
429531188	1103850667
43061739	1240661452157059072
4327127414	61344502
43412697	813874087869218816
43425975	98429846
435232010	1006967125754331136
4361001253	369164013
436318012	859234990340546560
43633246	1221649643190341632
43792125	1147308808944771072
438111039	1309214417100386304
43874488	20449691
44060932	1191838405568729093
44196397	1108027439589007360
44196397	1198048825086291970
44196397	1387010761994682371
442057752	761630653
44302241	1220663127601057792
444179398	1391589074834759682
44513878	29071845
44523552	28454954
44580409	1051425060152627201
44820390	1401861298233647106
4484115214	144569635
449422338	1001228776032763905
449588356	262089479
45010849	2798807857
45010849	852389079975165953
453124512	1010320666648645632
45379403	1240682348120866816
45379403	1240682348120866816
45379403	1240682348120866816
45379403	1240682348120866816
45379403	1243679597729910786
45379403	21489341
454099919	1017962856
454099919	213801168
454099919	889765401822973952
4541535439	246667561
455684839	42142250
457060718	1277324748301766658
457060718	3314652765
45840174	919965874311782400
459390022	1387010761994682371
459872442	105327432
462021312	51001054
463214687	1371591649013288960
463214687	1669082978
46361818	811625724
465973	2295967047
466198757	2964161673
46678624	1024047313017290752
467726691	1354107559964073984
467726691	16315143
467726691	21407616
467726691	320014945
467726691	4541535439
467726691	51241418
467726691	700359998
46822887	531618878
4691437897	866218749992587264
46926921	1387010761994682371
47215171	1099803821407199233
4725383142	1381717490124816386
4725383142	84440344
473022390	1387010761994682371
47475039	725845441229774849
47678782	673983
47747074	164554364
477934944	578601744
478276937	130678087
478276937	813689415029506048
47884069	1401861298233647106
479724576	1181305388
47991586	4900890843
479937891	826226272418283520
4823944600	1280885680831332353
48325671	3928989554
4847284319	993134676180127744
48508532	833480592813617152
48624704	1309762062
48624704	1335413170572128259
48624704	1415515867857637380
48624704	17939958
48624704	232187050
48624704	2412307836
48624704	612440918
48624704	923839146077986821
48624704	943210460
48624704	962092001154940928
486834536	1921951394
487297085	51241418
487307955	1225382429080391680
4878610324	1261645162939330560
488935510	21711199
4894738653	1249987495464505344
48992513	20479891
490002009	1290232189615894531
490002009	1305795361336770560
490002009	1351956895
490002009	913835190572670976
49075940	978947769888116736
491509563	1476953095364087813
49151622	828337737388285952
491867385	710010726
493714995	253316481
49698134	2193135944
50055701	1430731923685400579
50393960	156928721
50614210	1248772656435871744
506216849	1237784449611231232
506216849	3168944977
507682449	448692159
508132071	1428424784396783616
508132071	3931884312
508132071	524941932
510464011	531618878
5120691	837793226341875712
51323915	950861076
517986782	1096257540600578048
518254771	635701556
518660800	107115849
518660800	2224624532
519152293	635449207
519321215	104865001
519388948	62473360
520724783	1204423117311029248
520724783	814813830
52136185	278369814
52136185	935886804028243969
52211840	1401861298233647106
52400775	1341047951486009347
52418188	1120467401168965633
52544275	1921951394
525673730	983722425039769600
525707128	1152626533845966848
525812268	1212167752569327616
527445533	1420351245819207681
52770751	1010593116
52770751	1345510355603099648
528674835	4264297743
529147678	1194415761357340673
529147678	426344026
53130511	2193135944
536904693	516731926
53963427	1227930246
53963427	249236062
53963427	540223123
539833719	1400974786126225409
542560242	1124136055668535296
54656439	861738869045297153
548289031	474336882
548289031	817770953019183104
548384458	3670614857
549579841	61225261
55113432	1098333864420765696
554148367	356570650
556519575	3835084227
558319107	1285142677
560165933	1208293000511574017
561700183	1349869653816823813
563615572	807271301283016704
56419640	18788038
56503668	459980306
56657187	32576902
56768709	21489341
568188135	48343373
568345906	406045135
571138490	24897046
57181602	1106888451771654145
572080560	849904062
572282251	2930308020
57463142	22317663
57906313	1454726401328697353
57937201	259973639
580106431	20156605
580453937	1281628082978254852
582155655	873215206935191552
582414351	8.82854E+17
58436094	4264297743
58436094	500048680
58487473	1387010761994682371
586291040	15085192
588732151	3015305734
58974496	2880610310
58974496	32366648
58974496	736393287678853122
59150150	754779907297804288
59159771	578601744
593289567	35636271
593289567	992335398943719424
59513330	2314018987
59839834	14780915
605153786	301352485
605153786	731874217
605153786	760219193195302912
605153786	795138728218021889
60597469	1318082829197168640
60606206	528775542
60779696	288702257
60779696	84174241
61177115	978947769888116736
61183568	813417041394880512
612441328	1132791264242307073
612473	267377062
612473	267377062
614600545	15169907
614600545	2524207025
614600545	775705831887077376
615878104	3015939068
616307352	371452478
61731614	93946973
618625439	1004694289
621533	2147604445
62306952	2217403956
624964763	904408999
62513246	461140983
62576309	996373477660741633
630995607	1497188312620089349
630995607	275305372
631540093	1205246685569540097
6315402	301352485
6315402	301352485
63217258	3532122080
63942152	1314346745086709760
63942152	1333273132547751936
63942152	446173045
63942152	79688044
64107618	93949528
64483444	1086778207939031040
64643056	200859598
64643056	944149608992854017
64702445	1465358280012804097
65357102	1284146730
65357102	1384053916690571264
65357102	332080277
65357102	91556413
65471427	3251817825
65566588	1345510355603099648
66492948	531618878
66694922	1927834592
66917778	1213233837393604608
66917778	23422559
66917778	470797902
66917778	582414351
66917778	9707492
67805368	2536457582
67805368	963921191084929024
68128023	238856888
68611923	745699859169165312
68991446	1489763667918798848
69080476	2272185878
69080476	960468963007385601
69181624	1484914062077186048
69231656	1239066462356008960
700382651501277184	523843082
700637412	1294935649
700637412	2475034094
701750402786717696	17578329
701844034755633157	788835278085578752
70315912	25339267
70435999	1239004332206546949
70435999	218491913
707231479047315456	4480118843
707231479047315456	4480118843
707967655031005186	1105502811800915968
707967655031005186	2592842778
707967655031005186	2751873404
709863948686909441	1257158389
71048726	1308267623327518725
71048726	1440397840186953738
711606778606297088	1668237438
711608180535640064	1210233737356730368
711608180535640064	582850891
711608180535640064	845793138321113088
711608180535640064	935883301
711743181574942720	936377724
711750460932141056	1496774516
711750460932141056	468161947
71262814	1227740124026413056
71262814	143020085
713752653289955329	14548232
713752653289955329	1921951394
713752653289955329	1921951394
713839291210792960	1361454330423959559
714460503289028608	1156038524682035200
71726298	635032365
717315174731018240	3663359301
71744371	1255942372380180486
718492074492968960	351089434
720139699	1448823805
722242009	2683210415
722242009	872158753008877569
722242009	95766237
722528529716383744	17578329
723148184013279234	2608740770
723148184013279234	304938928
725076563302174720	1385142120
72655429	29447428
728273994	1278236816936710144
728273994	29447428
728273994	29447428
729277017028337664	55737360
732521058507620356	752532893587558400
734512489	135669941
735636196290756608	1295003940547895298
738080573365702657	78350550
738786290313920513	749005051180355584
738806388	229900964
742321348664557568	223981829
74478487	35636271
745354130554818560	37853509
745824471689244672	1146177969280495617
745824471689244672	32424767
746264882	219652469
747885404	715844061190598656
748453510048518145	774510439824822273
751283435382067202	263607988
753163541411049474	339611202
754635115368685568	1047223128303308801
75743543	553990226
757832485	347120386
7587032	2968186857
7587032	4757894056
7587032	903339238032322561
7589742	1456666722707165187
759469096534704128	1591133707
759481842814726144	746377806754394116
760219193195302912	21489341
764187379	1573943426
764476890	946938555003297792
76596783	1278236816936710144
766745056367644672	575922000
76721925	1387010761994682371
767788995962998784	1336527483135528960
767788995962998784	3657013654
76842602	1131654730579554306
76842602	1309762062
76842602	403796945
76842602	582414351
769702230	978776569916284928
769928202424684544	981436419087523840
769962319	1367348957958012930
77041510	2982005283
771408483342282753	2713628120
774195721000087552	2396188842
7768402	1921951394
7790922	966740329041772544
780546876391067648	1355917827052457987
780546876391067648	18488140
780615150856310785	1235584294111850496
782313907	1265690636302180357
782697135007338496	1438328912732381188
782712715999522817	3290394333
784218054855127041	1346492377448398849
784575415457308672	1129107453474267136
786309892990574592	2731072181
786747937883906049	804582780298412032
788532504626012160	722045213301051392
788560328640503808	710613226807885824
78905469	1027379881
78905469	270064609
790586865107599360	2365160321
791638976	302984766
792054557501038592	356447941
793202009281273857	1467443898977030146
793331593	1089045346242576385
793331593	1248772656435871744
793331593	90107770
793520017	1387010761994682371
79402753	1456025947719622661
795843492790444032	940778288871542786
795857631571156992	17267769
795857631571156992	306616453
795857631571156992	448692159
796424923824746497	949679084
796432481289437184	233886065
796839329368866817	2202236205
797179922087297024	900733668779544578
798953701972938752	102162577
798953701972938752	17290000
798953701972938752	493606253
799047255378391040	2220802110
799911790398373888	1077703279218282497
799911790398373888	79688044
800111181058838528	2371064395
80040960	1387010761994682371
800463336630403072	26775504
801997428	267377062
803694179079458816	1033084441697153024
803694179079458816	28817015
803780370	551507199
80655195	39130254
806906355214852096	586291040
807095	73452506
80784806	211880211
807865098	1226364937
80802900	3003507631
808450839736184836	878772504
810603440984494080	1304036484920606720
810818800627175425	1136856346370822144
811229675758505984	1371130224595898373
816260792098000896	286991796
8170292	161988348
817086280597209089	2264401871
817923454456373249	1270133776748855304
818893114979061761	1298470383356608515
818893114979061761	51241418
8197942	1552409378
8197942	2412223020
819994707061248001	178494883
820243619609243649	822506767502426116
820452522494226433	4491531140
820452522494226433	729804032
82299300	16147188
823668549856002048	1125443593085358082
824903725	80706659
825062760954355713	940778288871542786
825922405453402115	1361496222301757444
826332877457481728	2908699057
826631824700997633	2739667932
828107509	864809091612520448
829032434222166017	1969346438
832616065259614209	887925458
832616065259614209	940778288871542786
833988769	1454928205
8344522	47363493
838464523	3103857701
840111948612042753	1284041137808969729
84035041	3306382727
840502412842541056	325087506
840502412842541056	3410204513
84083187	1143105379418759168
843433646962999296	1270133776748855304
843433646962999296	1270133776748855304
843433646962999296	1270133776748855304
845201789603368962	3029686011
846454000585244672	458754276
846454000585244672	908133204569346048
848148994102611969	928269303761158145
848148994102611969	940778288871542786
848531798	1573943426
848635910	1842010946
850507814023942144	1478498850138570755
856010760	4880781801
856704654545006592	60779696
86010091	34336977
86010091	377706148
860654500431880192	1458057895
862621140795117568	1470628561631334402
863538430575353858	1476789450999017485
864030687120281602	268424186
865210877678686208	1350171506
866010939916775425	1084253460
866065134	51973943
866065134	827595164961140737
86626845	1220034889879187456
86626845	1422338138727358465
86626845	2926505202
86626845	480875170
86626845	732217064237207552
867194634736472067	2905260526
867211584	1451834814554902532
868673067223887872	1954432309
868673067223887872	23452847
868673067223887872	713118204453851138
868673067223887872	713118204453851138
870629200348274688	1573800344
870629200348274688	163099660
870629200348274688	2342573012
870629200348274688	287675386
870645098748497921	1479777228951011334
872615153065275392	366498596
873135988440223745	1349922686898724864
873135988440223745	2218000892
873185490375233537	296152939
874916178	2372317417
877968869138329601	1460176204363972613
878247600096509952	1331027267028475904
878284831	1344424632103956482
878284831	17717593
878284831	2402210804
878284831	2933782246
878284831	335600262
878284831	51241418
878284831	934181338793562112
879147821915615233	1067968702400876544
879147821915615233	1219836531449290753
879147821915615233	746746178260205569
879810242153914368	1619151054
879810242153914368	16957407
879810242153914368	3227865816
880412538625810432	976948534053343233
883466928	524939820
88387950	1370681318007209988
88387950	216507928
885838630928994304	248905682
88589013	29431996
88589013	481703086
886398296146706432	1326887986856939520
886398296146706432	531618878
888183349864476672	47415847
889522784916910080	940778288871542786
891931209097502721	792254042
892377658847350786	2919548734
89297892	1120819174476062722
897515348085190656	26775504
899423922667442176	292057235
899571956	2460974640
900021957424447488	1387010761994682371
904408999	252772954
905645454	1082334406751252480
90646214	571141141
90732175	155930120
90732175	4280220914
90870968	25434641
90982300	486027045
91180720	950091704295706624
916333748819341314	131789595
91674408	1498743557607366659
917442644	1296279134079823872
919965874311782400	104208920
920339307533144065	925436774096261120
920943710254313472	18831926
921411153426862084	21924899
924010172376260609	43477325
924010172376260609	707013008812146688
924530346514964480	2295819507
926005149104988160	761819600568717312
926019424154349568	3310125162
926164634570067968	1113956399833333761
926164634570067968	26805539
926164634570067968	715617989656051712
926164634570067968	73659965
926164634570067968	738145794
926164634570067968	822591807821381635
92759522	968311099064909824
92759618	960468963007385601
927734790517694464	22133083
92932981	1018660693
92932981	1368100356
92932981	2921282954
92932981	428944666
92932981	8619542
929823128259387392	42929895
929859631119323137	1479623224782737408
931532198	4039345572
931934652490829824	898317114754334721
93419198	29447428
935116421977186304	1167150751426043904
935116421977186304	2195475698
935349971129311233	1402072207694589954
93568965	1132460072775249926
935810185859338240	20304668
938494109844729856	2264401871
938494109844729856	2264401871
938494109844729856	2264401871
938494109844729856	2264401871
938494109844729856	2264401871
938494109844729856	41438148
938494109844729856	817086280597209089
938494109844729856	817086280597209089
93880122	1446484946294644739
93880122	2732470025
93880122	3065680671
939486738543796224	1135201390404542464
939697315379646465	1387010761994682371
942156122	26775504
942156122	73537202
94350709	29447428
945693405694357504	732736108061020161
947924373029171200	737049250366820356
948169852547715072	135876077
949892499878719488	1217939176701616128
949910864773095425	2507342209
950215424981028864	1440445217153241089
950215424981028864	1440445217153241089
950215424981028864	752222360
950215424981028864	97739866
950215424981028864	97739866
950322380412342273	1482861078
950563187296030721	1356492104235577344
950563187296030721	2941201618
950563187296030721	932315271372726272
950563187296030721	977002392368680960
95091601	1139017108338032641
95091601	1213060990822076416
95091601	1373530219273875457
95091601	17698525
95091601	400495760
95091601	4899639072
95091601	828605443400282113
95091601	84174241
95091601	91039220
95091601	925679969224634368
95314534	1145583386737676289
95399839	1350685161793310722
95463107	2193135944
95463107	826226272418283520
956137933248937985	25275979
956250134786002944	45804847
957396820237234176	3163148070
95766807	112155894
958729147408310272	921243130262728704
960143858024595456	1573800344
9609622	1125425563076710401
9609622	60866631
9609622	932807688815120384
961299362	415898636
96230203	805077676092489728
96287858	1106282862251331584
963938472	4480118843
964307489704546309	179744495
964865616967553024	993140100
96529840	885428494037123076
96648433	110893874
967027984426242053	1.32151E+18
967832482354810881	1476254469214158856
967859267352059911	1387010761994682371
967900364	731445438935646208
969781208321331201	1027098097
973974975014146053	28627016
976948534053343233	1639763630
977204844	1436479905450004482
977204844	487686623
977204844	50189290
977954172556361733	16503453
981425370	2300453384
981425370	475063210
981436419087523840	1004502282736525312
983399416278040576	282273742
984199530567667712	1252988129708929024
98471035	1033084441697153024
98471035	739844197935644672
98471035	823191621349101568
985523859179925504	1225382429080391680
985749294	22671315
987688826	1397356054770376709
990056731	783655217170554880
993518281	821681572202029058
995436724493807616	22603674
995436724493807616	22603674
996273172985954304	18351416
996359407939174401	60779696
